symbol,side,sector,lev,entry_kst,exit_kst,entry_ts,exit_ts,hold_h,entry_hour_kst,n_entries,n_exits,taker_ratio,notional,margin,gross_pnl,fee,net_pnl,roe,liquidation,regime,btc_adx,btc_atr_pct,btc_move_pct,day
SEI/USDT:USDT,short,alt,5,09-29 09:18,09-29 10:16,1790641117.758,1790644586.65,0.9635811111662123,9,31,31,1.0,2650.8512999999994,530.1702599999999,43.06060000001453,-2.629321000000001,40.43127900001453,0.0762609336102982,False,chop,18.0,0.66,0.0,09-29
BTC/USDT:USDT,short,major,5,09-24 08:46,09-24 13:56,1790207177.143,1790225795.43,5.171746388938692,8,10,1,0.18181818181818182,4771.026110000001,954.2052220000002,11.0441,-3.977778691,7.066321309,0.0074054523556149636,False,chop,18.0,0.66,0.0,09-24
BTC/USDT:USDT,short,major,5,09-26 20:03,09-26 20:09,1790420612.635,1790420964.986,0.09787527779738109,20,1,1,1.0,370.20764,74.041528,0.02948,-0.3701929,-0.3407129,-0.0046016459843994575,False,chop,18.0,0.66,0.0,09-26
BTC/USDT:USDT,short,major,5,09-26 21:04,09-26 21:05,1790424248.847,1790424328.537,0.022136111127005684,21,1,1,1.0,369.952,73.9904,0.06776,-0.36991812,-0.30215812000000003,-0.004083747621313036,False,chop,18.0,0.66,0.0,09-26
BTC/USDT:USDT,short,major,5,09-29 10:03,09-29 10:08,1790643825.661,1790644107.292,0.07823083334498936,10,14,2,1.0,997.9368000000001,199.58736000000002,1.16952,-0.99735204,0.1721679599999999,0.0008626195566693196,False,chop,18.0,0.66,0.0,09-29
BCH/USDT:USDT,short,alt,5,09-29 09:18,09-29 10:06,1790641097.361,1790644006.068,0.8079741666714351,9,12,8,1.0,2665.3039999999996,533.0608,10.344000000000001,-2.660132,7.683868000000001,0.014414618369987066,False,chop,18.0,0.66,0.0,09-29
BZ/USDT:USDT,long,alt,5,09-23 02:56,09-23 03:00,1790099786.824,1790100044.755,0.07164750006463792,2,1,10,0.9090909090909091,2541.2246,508.24492,-1.3429,-1.549542701,-2.8924427010000002,-0.005691041045722602,False,chop,18.0,0.66,0.0,09-23
BZ/USDT:USDT,long,alt,5,09-29 09:18,09-29 10:01,1790641107.719,1790643667.473,0.7110427777634727,9,5,10,1.0,1333.8912000000003,266.77824000000004,-2.4892000000000003,-1.3326466,-3.8218466,-0.014325930780561411,False,chop,18.0,0.66,0.0,09-29
USELESS/USDT:USDT,long,alt,5,09-23 10:04,09-23 11:30,1790125442.596,1790130639.394,1.4435550000270208,10,1,14,0.9333333333333333,1422.1727999999998,284.43456,-24.668300000000002,-0.9831868100000001,-25.65148681,-0.09018414221534825,False,chop,18.0,0.66,0.0,09-23
USELESS/USDT:USDT,long,alt,5,09-26 22:01,09-26 22:03,1790427700.708,1790427818.154,0.032623888916439484,22,23,18,1.0,743.7551000000001,148.75102,4.857399999998329,-0.7461838000000002,4.111216199998329,0.027638238715931684,False,chop,18.0,0.66,0.0,09-26
USELESS/USDT:USDT,long,alt,5,09-29 09:18,09-29 10:01,1790641133.358,1790643665.003,0.7032347222169241,9,33,17,1.0,752.4816,150.49632,-3.1774000000017115,-0.7508929000000001,-3.9282929000017117,-0.026102252201261212,False,chop,18.0,0.66,0.0,09-29
OKB/USDT:USDT,long,alt,5,09-29 09:19,09-29 09:35,1790641168.877,1790642116.764,0.2633019444015291,9,24,23,1.0,3242.4054000000006,648.4810800000001,5.153299999999985,-3.244982049999999,1.9083179499999856,0.0029427503883382154,False,chop,18.0,0.66,0.0,09-29
INJ/USDT:USDT,short,alt,5,09-29 09:19,09-29 09:28,1790641147.704,1790641692.715,0.15139194442166223,9,34,30,1.0,2142.4235,428.4847,9.278300000000263,-2.1377843499999996,7.140515650000263,0.016664575537936977,False,chop,18.0,0.66,0.0,09-29
AVAX/USDT:USDT,short,major,5,09-25 08:27,09-25 12:41,1790292437.111,1790307706.364,4.241459166672494,8,5,30,0.8571428571428571,3119.5648,623.91296,6.467199999999997,-2.180461759999999,4.286738239999998,0.00687073119942884,False,chop,18.0,0.66,0.0,09-25
AVAX/USDT:USDT,short,major,5,09-29 09:18,09-29 09:21,1790641088.19,1790641291.84,0.056569444404708014,9,15,2,1.0,666.5925000000002,133.31850000000003,2.8563000000000143,-0.66516435,2.1911356500000143,0.01643534580722116,False,chop,18.0,0.66,0.0,09-29
UNI/USDT:USDT,short,alt,5,09-29 09:17,09-29 09:21,1790641078.839,1790641276.72,0.05496694445610047,9,7,15,1.0,3156.162,631.2324,-7.01299999999997,-3.159668499999999,-10.172668499999968,-0.01611556773701725,False,chop,18.0,0.66,0.0,09-29
HYPE/USDT:USDT,long,alt,5,09-22 21:28,09-22 23:32,1790080097.088,1790087524.538,2.063180555568801,21,1,23,0.9583333333333334,5793.4800000000005,1158.6960000000001,-94.76950000000001,-3.491376525,-98.26087652500001,-0.08480298242593398,False,chop,18.0,0.66,0.0,09-22
HYPE/USDT:USDT,long,alt,5,09-28 09:53,09-28 10:00,1790556809.468,1790557229.917,0.1167913889222675,9,2,5,1.0,490.66560000000004,98.13312,-1.4466,-0.48994230000000005,-1.9365423000000002,-0.01973382992408679,False,chop,18.0,0.66,0.0,09-28
TAO/USDT:USDT,long,alt,5,09-24 10:46,09-24 11:31,1790214385.269,1790217060.15,0.743022500011656,10,1,21,0.9545454545454546,1377.4,275.48,1.6249999999999996,-0.9649925,0.6600074999999995,0.0023958454334252924,False,chop,18.0,0.66,0.0,09-24
TAO/USDT:USDT,long,alt,5,09-27 07:33,09-27 08:30,1790462029.553,1790465446.903,0.9492638889286253,7,8,18,1.0,1415.9159999999997,283.18319999999994,1.049,-1.4164405000000007,-0.3674405000000007,-0.001297536365151608,False,chop,18.0,0.66,0.0,09-27
TAO/USDT:USDT,long,alt,5,09-27 09:01,09-27 09:03,1790467309.56,1790467382.13,0.02015833338101705,9,6,5,0.45454545454545453,1980.072,396.01439999999997,-1.236,-1.3854323999999998,-2.6214323999999998,-0.006619538077403246,False,chop,18.0,0.66,0.0,09-27
TAO/USDT:USDT,long,alt,5,09-28 09:53,09-28 10:00,1790556828.512,1790557223.282,0.10965833332803514,9,2,35,1.0,490.1820000000001,98.03640000000001,-2.53,-0.4889169999999998,-3.0189169999999996,-0.03079383779902158,False,chop,18.0,0.66,0.0,09-28
XPL/USDT:USDT,long,alt,5,09-26 06:31,09-26 07:32,1790371860.942,1790375534.087,1.0203180555502573,6,23,18,1.0,1716.5668999999998,343.31337999999994,5.191799999992984,-1.7191627999999999,3.472637199992984,0.010115065133764914,False,chop,18.0,0.66,0.0,09-26
XPL/USDT:USDT,long,alt,5,09-27 09:01,09-27 09:03,1790467305.559,1790467384.586,0.021951944430669147,9,2,16,0.8888888888888888,989.1014,197.82028,-1.6203,-0.69156083,-2.31186083,-0.011686672519116847,False,chop,18.0,0.66,0.0,09-27
XPL/USDT:USDT,long,alt,5,09-28 09:53,09-28 10:00,1790556818.784,1790557220.79,0.11166833334498935,9,5,25,1.0,492.3297,98.46594,-2.0759000000000665,-0.4912917499999999,-2.5671917500000663,-0.02607187571661903,False,chop,18.0,0.66,0.0,09-28
GRASS/USDT:USDT,long,alt,5,09-27 09:02,09-27 09:11,1790467330.951,1790467911.481,0.16125833332538606,9,9,25,1.0,1772.6501999999998,354.53004,-8.996700000000773,-1.7681518500000002,-10.764851850000774,-0.03036372277508776,False,chop,18.0,0.66,0.0,09-27
GRASS/USDT:USDT,long,alt,5,09-28 09:53,09-28 09:58,1790556837.894,1790557134.224,0.08231388886769613,9,15,20,1.0,985.2130999999999,197.04262,-7.22110000000045,-0.9816025499999999,-8.20270255000045,-0.04162907775993056,False,chop,18.0,0.66,0.0,09-28
PUMP/USDT:USDT,long,meme,5,09-26 22:01,09-26 22:39,1790427665.517,1790429994.915,0.6470550000005298,22,10,4,1.0,1813.8399999999997,362.7679999999999,-22.96,-1.8023599999999997,-24.76236,-0.0682594936708861,False,chop,18.0,0.66,0.0,09-26
PUMP/USDT:USDT,long,meme,5,09-28 09:53,09-28 09:58,1790556799.98,1790557127.505,0.09097916669315761,9,13,23,1.0,1897.15,379.43,-10.859000000068502,-1.8917204999999995,-12.750720500068502,-0.03360493503431068,False,chop,18.0,0.66,0.0,09-28
BNB/USDT:USDT,long,major,10,09-22 16:48,09-22 22:27,1790063282.659,1790083626.433,5.651048333379958,16,4,10,0.8571428571428571,6693.963000000001,669.3963000000001,14.469999999999999,-4.71803969,9.751960309999998,0.014568291324586043,False,chop,18.0,0.66,0.0,09-22
BNB/USDT:USDT,long,major,10,09-23 13:02,09-23 18:54,1790136176.101,1790157249.006,5.853584722214275,13,5,5,0.5,4442.3730000000005,444.23730000000006,-72.111,-3.0736056000000005,-75.1846056,-0.16924424311060773,False,chop,18.0,0.66,0.0,09-23
BNB/USDT:USDT,long,major,10,09-26 07:31,09-26 08:18,1790375462.454,1790378294.882,0.7867855555481381,7,4,2,1.0,526.6460000000001,52.66460000000001,1.238,-0.527265,0.710735,0.013495497924602104,False,chop,18.0,0.66,0.0,09-26
BNB/USDT:USDT,long,major,10,09-28 09:46,09-28 09:52,1790556391.663,1790556739.604,0.09665027777353923,9,4,9,1.0,592.952,59.2952,1.216,-0.5935600000000001,0.6224399999999999,0.010497308382466031,False,chop,18.0,0.66,0.0,09-28
DASH/USDT:USDT,short,alt,5,09-28 09:23,09-28 09:45,1790555010.542,1790556328.028,0.36596833335028756,9,1,13,0.9285714285714286,1688.549,337.7098,9.5426,-1.177213,8.365387,0.024770933505631167,False,chop,18.0,0.66,0.0,09-28
ETH/USDT:USDT,short,major,5,09-26 06:08,09-26 08:00,1790370516.294,1790377214.065,1.8604919444852406,6,1,6,0.8571428571428571,2119.9939200000003,423.99878400000006,-4.49856,-1.486245024,-5.984805024,-0.014115146669854597,False,chop,18.0,0.66,0.0,09-26
ETH/USDT:USDT,short,major,5,09-28 09:12,09-28 09:24,1790554322.652,1790555082.013,0.21093361112806533,9,1,1,0.5,244.23035000000002,48.846070000000005,-1.19665,-0.17155957,-1.3682095699999999,-0.02801063770329936,False,chop,18.0,0.66,0.0,09-28
SOL/USDT:USDT,long,major,10,09-22 13:42,09-22 17:47,1790052176.146,1790066850.794,4.076291111111641,13,13,1,0.14285714285714285,6711.224,671.1224,25.761799999999994,-4.993926573,20.767873426999994,0.030944986230529624,False,chop,18.0,0.66,0.0,09-22
SOL/USDT:USDT,long,major,10,09-22 20:27,09-23 02:37,1790076446.703,1790098635.769,6.163629444440206,20,2,2,0.75,4178.9444,417.89444000000003,8.956799999999996,-3.1466117300000005,5.810188269999996,0.013903483066202066,False,chop,18.0,0.66,0.0,09-23
SOL/USDT:USDT,long,major,10,09-24 09:46,09-24 11:00,1790210763.26,1790215251.522,1.2467394444677564,9,2,3,0.6,1083.0174,108.30174,-0.6280000000000001,-0.75779818,-1.38579818,-0.012795714824157029,False,chop,18.0,0.66,0.0,09-24
SOL/USDT:USDT,long,major,10,09-26 06:08,09-26 06:37,1790370527.51,1790372260.302,0.48133111112647586,6,1,34,1.0,2577.1372,257.71372,-6.1654,-2.5740545000000012,-8.7394545,-0.03391148325358852,False,chop,18.0,0.66,0.0,09-26
SOL/USDT:USDT,long,major,10,09-26 10:50,09-26 12:48,1790387455.308,1790394495.999,1.9557474999957614,10,1,1,1.0,1224.1771999999999,122.41771999999999,-12.1484,-1.218103,-13.366503,-0.10918764865086526,False,chop,18.0,0.66,0.0,09-26
SOL/USDT:USDT,long,major,10,09-28 09:12,09-28 09:21,1790554325.527,1790554876.901,0.15315944446457758,9,1,4,0.8,492.52049999999997,49.25205,2.8872000000000004,-0.34620795,2.5409920500000003,0.051591599740518426,False,chop,18.0,0.66,0.0,09-28
PONS/USDT:USDT,short,alt,5,09-22 11:41,09-22 12:27,1790044916.345,1790047661.794,0.7626247221893735,11,3,18,0.8571428571428571,2072.8859999999995,414.5771999999999,1.1520000000000001,-1.2639420600000002,-0.11194206000000007,-0.0002700149935886491,False,chop,18.0,0.66,0.0,09-22
PONS/USDT:USDT,short,alt,5,09-27 09:02,09-27 09:13,1790467340.187,1790468002.717,0.1840361111031638,9,4,26,1.0,1482.9569999999999,296.59139999999996,3.325000000000088,-1.4812945,1.8437055000000881,0.0062163147683988425,False,chop,18.0,0.66,0.0,09-27
PONS/USDT:USDT,short,alt,5,09-28 09:14,09-28 09:14,1790554450.1,1790554474.548,0.006791111164622837,9,6,16,1.0,892.8140000000001,178.5628,-0.7159999999997921,-0.8931719999999999,-1.609171999999792,-0.009011798650109608,False,chop,18.0,0.66,0.0,09-28
RAY/USDT:USDT,short,alt,5,09-26 07:30,09-26 07:40,1790375453.767,1790376056.141,0.16732611113124424,7,23,42,1.0,3029.4204,605.88408,-41.539599999998885,-3.0501902000000016,-44.58979019999889,-0.07359458957891563,False,chop,18.0,0.66,0.0,09-26
RAY/USDT:USDT,short,alt,5,09-28 07:31,09-28 07:31,1790548265.784,1790548293.353,0.007658055557145013,7,21,10,1.0,1769.2295,353.8459,-5.020799999999638,-1.7717399000000003,-6.792539899999638,-0.019196322184317067,False,chop,18.0,0.66,0.0,09-28
PEPE/USDT:USDT,short,meme,5,09-26 20:04,09-26 22:00,1790420650.469,1790427640.063,1.941553888850742,20,1,11,1.0,1209.6629999999998,241.93259999999995,6.952,-1.206187,5.745813,0.023749643495750473,False,chop,18.0,0.66,0.0,09-26
PEPE/USDT:USDT,short,meme,5,09-27 09:01,09-27 16:11,1790467299.188,1790493073.047,7.159405277768771,9,9,3,1.0,1977.0159999999998,395.40319999999997,-16.948999932599996,-1.9854905,-18.934490432599997,-0.047886538178244384,False,chop,18.0,0.66,0.0,09-27
ONDO/USDT:USDT,short,alt,5,09-27 09:01,09-27 09:20,1790467319.14,1790468437.336,0.3106099999613232,9,20,14,1.0,2402.699,480.5398,3.128000000001025,-2.4011350000000005,0.7268650000010246,0.001512601037418804,False,chop,18.0,0.66,0.0,09-27
AAVE/USDT:USDT,long,alt,5,09-27 09:02,09-27 09:10,1790467321.357,1790467821.169,0.13883666661050584,9,1,32,0.9696969696969697,2547.09,509.418,-7.356199999999999,-1.7792849,-9.1354849,-0.017933180413727035,False,chop,18.0,0.66,0.0,09-27
ZEC/USDT:USDT,long,alt,5,09-22 21:28,09-22 22:41,1790080086.028,1790084472.409,1.2184391666120953,21,8,4,0.3333333333333333,3511.2112,702.24224,-49.056799999999996,-2.119763272,-51.176563271999996,-0.07287593989219446,False,chop,18.0,0.66,0.0,09-22
ZEC/USDT:USDT,long,alt,5,09-26 10:50,09-26 12:48,1790387455.309,1790394495.999,1.9557472222381167,10,1,8,1.0,1203.93,240.786,-7.9794,-1.1999403000000002,-9.1793403,-0.03812240038872692,False,chop,18.0,0.66,0.0,09-26
ZEC/USDT:USDT,long,alt,5,09-27 07:33,09-27 07:36,1790461996.903,1790462199.525,0.05628388888306088,7,3,6,1.0,2964.7417000000005,592.9483400000001,7.8576,-2.9686704999999995,4.8889295,0.008245118790618417,False,chop,18.0,0.66,0.0,09-27
ZEC/USDT:USDT,long,alt,5,09-27 09:01,09-27 09:10,1790467287.002,1790467810.307,0.1453624999523163,9,2,3,1.0,2394.8489999999997,478.96979999999996,-5.103999999999999,-2.3922969999999997,-7.496296999999998,-0.015650876109516716,False,chop,18.0,0.66,0.0,09-27
ADA/USDT:USDT,short,major,5,09-27 07:33,09-27 09:00,1790462015.504,1790467242.838,1.4520372222529516,7,10,11,1.0,353.36000000000007,70.67200000000001,-0.5630000000000001,-0.35364150000000005,-0.9166415000000001,-0.012970363085804845,False,chop,18.0,0.66,0.0,09-27
ETH/USDT:USDT,long,major,10,09-22 16:45,09-22 18:05,1790063155.987,1790067902.797,1.3185583333174387,16,8,34,0.8095238095238095,3664.5197500000004,366.45197500000006,6.734140000000001,-2.238387410500001,4.4957525895,0.012268326810082003,False,chop,18.0,0.66,0.0,09-22
ETH/USDT:USDT,long,major,10,09-22 22:28,09-23 04:32,1790083695.188,1790105556.71,6.072645000020663,22,11,2,0.23076923076923078,5821.6841,582.16841,10.26582,-4.445445729,5.8203742709999995,0.009997750085752677,False,chop,18.0,0.66,0.0,09-23
ETH/USDT:USDT,long,major,10,09-23 08:49,09-23 13:02,1790120958.113,1790136164.12,4.223890833324856,8,2,1,0.6666666666666666,6186.32157,618.632157,11.23755,-5.274558759,5.962991241000001,0.009638993339623632,False,chop,18.0,0.66,0.0,09-23
ETH/USDT:USDT,long,major,10,09-24 08:45,09-24 10:00,1790207145.501,1790211630.234,1.245759166677793,8,1,24,0.96,1082.9624000000001,108.29624000000001,0.6270800000000003,-0.75838722,-0.13130721999999972,-0.0012124817999221368,False,chop,18.0,0.66,0.0,09-24
ETH/USDT:USDT,long,major,10,09-26 10:50,09-26 12:48,1790387455.308,1790394495.999,1.9557474999957614,10,2,12,1.0,3895.0490700000005,389.50490700000006,-7.10477,-3.8914966849999995,-10.996266685,-0.02823139448920986,False,chop,18.0,0.66,0.0,09-26
ETH/USDT:USDT,long,major,10,09-26 21:05,09-26 21:10,1790424326.592,1790424603.691,0.07697194443808661,21,1,2,1.0,424.46542,42.446542,0.21594,-0.42457339,-0.20863339,-0.004915203457563163,False,chop,18.0,0.66,0.0,09-26
ETH/USDT:USDT,long,major,10,09-27 08:44,09-27 08:50,1790466284.404,1790466613.673,0.09146361112594605,8,1,2,1.0,1273.2687000000003,127.32687000000003,0.82302,-1.27368021,-0.45066021,-0.0035393959656748013,False,chop,18.0,0.66,0.0,09-27
AVAX/USDT:USDT,long,major,10,09-22 14:44,09-22 15:58,1790055840.34,1790060324.822,1.2456894444757038,14,1,16,0.9411764705882353,1616.8236000000002,161.68236000000002,3.3800999999999997,-0.9877834409999998,2.3923165589999997,0.014796398067173188,False,chop,18.0,0.66,0.0,09-22
AVAX/USDT:USDT,long,major,10,09-23 10:46,09-23 12:29,1790128004.85,1790134141.465,1.7046152777804269,10,3,26,0.896551724137931,2149.0172,214.90171999999998,31.839500000000008,-1.5202317900000006,30.319268210000008,0.14108434408994033,False,chop,18.0,0.66,0.0,09-23
AVAX/USDT:USDT,long,major,10,09-26 20:03,09-26 20:08,1790420631.5,1790420898.908,0.07427999999788072,20,2,14,1.0,818.3032999999999,81.83032999999999,3.4720999999999993,-0.8200393499999998,2.6520606499999992,0.0324092625558274,False,chop,18.0,0.66,0.0,09-26
AVAX/USDT:USDT,long,major,10,09-27 08:32,09-27 08:42,1790465539.935,1790466135.57,0.16545416666401758,8,16,21,1.0,1273.5613999999998,127.35613999999998,-0.29380000000001694,-1.2734145,-1.5672145000000168,-0.012305763192885849,False,chop,18.0,0.66,0.0,09-27
BEAT/USDT:USDT,long,alt,5,09-26 20:05,09-26 20:10,1790420721.782,1790421007.584,0.0793894444571601,20,1,25,0.9615384615384616,1210.64038,242.12807600000002,-9.681709999999999,-0.8426074110000003,-10.524317410999998,-0.043465911037099215,False,chop,18.0,0.66,0.0,09-26
BEAT/USDT:USDT,long,alt,5,09-27 07:34,09-27 08:00,1790462046.717,1790463648.485,0.44493555552429626,7,1,5,0.8333333333333334,167.18208,33.436416,0.23105000000000006,-0.117142981,0.11390701900000007,0.003406675494167798,False,chop,18.0,0.66,0.0,09-27
OP/USDT:USDT,short,alt,5,09-27 07:34,09-27 08:00,1790462060.215,1790463646.042,0.44050750003920663,7,47,45,1.0,1981.2667099999996,396.2533419999999,-2.4836899999868542,-1.9825085550000006,-4.466198554986855,-0.011271068484734335,False,chop,18.0,0.66,0.0,09-27
JTO/USDT:USDT,long,alt,5,09-27 07:34,09-27 07:55,1790462069.574,1790463324.772,0.3486661111646228,7,25,37,1.0,2408.0932,481.61863999999997,0.5929999999975826,-2.408389699999999,-1.8153897000024164,-0.0037693509952239734,False,chop,18.0,0.66,0.0,09-27
DASH/USDT:USDT,long,alt,5,09-27 07:33,09-27 07:40,1790462038.922,1790462444.04,0.11253277778625488,7,29,23,1.0,2198.3417,439.66834,-3.3929000000000196,-2.1966452500000004,-5.58954525000002,-0.012713094715894303,False,chop,18.0,0.66,0.0,09-27
ENA/USDT:USDT,long,alt,5,09-27 07:33,09-27 07:39,1790462006.184,1790462349.944,0.0954888888862398,7,61,83,1.0,2551.3941999999997,510.27883999999995,-1.6841000000192008,-2.5505521499999997,-4.2346521500192,-0.008298702235074456,False,chop,18.0,0.66,0.0,09-27
CASHCAT/USDT:USDT,short,alt,5,09-22 10:44,09-22 11:17,1790041449.361,1790043421.992,0.5479530555672115,10,2,10,0.8333333333333334,954.712,190.9424,19.189,-0.57373927,18.61526073,0.09749149864042769,False,chop,18.0,0.66,0.0,09-22
CASHCAT/USDT:USDT,short,alt,5,09-23 00:05,09-23 00:30,1790089553.083,1790091020.438,0.4075986111164093,0,1,13,0.9285714285714286,956.3369999999999,191.26739999999998,-1.047,-0.5838367199999999,-1.6308367199999998,-0.008526475081482783,False,chop,18.0,0.66,0.0,09-23
CASHCAT/USDT:USDT,short,alt,5,09-26 22:02,09-26 22:41,1790427722.039,1790430095.922,0.6594119444158342,22,24,19,1.0,1674.4720000000002,334.8944,-3.8829999999950204,-1.6764135000000002,-5.559413499995021,-0.016600497052190244,False,chop,18.0,0.66,0.0,09-26
SEI/USDT:USDT,long,alt,5,09-23 10:46,09-23 12:36,1790127980.842,1790134570.124,1.8303561111291249,10,37,30,0.9253731343283582,5741.9419,1148.3883799999999,4.497599999875869,-4.8937957,-0.39619570012413075,-0.00034500148819350716,False,chop,18.0,0.66,0.0,09-23
SEI/USDT:USDT,long,alt,5,09-26 22:01,09-26 22:18,1790427710.957,1790428702.339,0.27538388888041176,22,15,17,1.0,1490.3478999999998,298.06958,2.9889999999925996,-1.4918424000000001,1.4971575999925995,0.005022846007944184,False,chop,18.0,0.66,0.0,09-26
AKE/USDT:USDT,short,alt,5,09-26 20:04,09-26 20:47,1790420659.741,1790423228.227,0.7134683333502876,20,5,9,1.0,745.459,149.09179999999998,-25.394999999999524,-0.7581565000000001,-26.153156499999525,-0.17541646488941395,False,chop,18.0,0.66,0.0,09-26
LTC/USDT:USDT,long,alt,5,09-26 20:04,09-26 20:15,1790420640.787,1790421350.516,0.19714694446987577,20,1,3,1.0,995.625,199.125,-2.97,-0.9941399999999999,-3.96414,-0.019907796610169493,False,chop,18.0,0.66,0.0,09-26
ARB/USDT:USDT,long,alt,5,09-26 20:04,09-26 20:08,1790420668.912,1790420902.327,0.06483749998940362,20,23,17,1.0,1281.9224,256.38448,4.219499999998405,-1.2840321499999998,2.935467849998405,0.011449475607877688,False,chop,18.0,0.66,0.0,09-26
ZEC/USDT:USDT,short,alt,5,09-26 06:30,09-26 06:34,1790371837.962,1790372074.051,0.06558027784029642,6,2,10,1.0,3293.9935,658.7987,7.209499999999999,-3.29038875,3.9191112499999994,0.005948875202698486,False,chop,18.0,0.66,0.0,09-26
ZEC/USDT:USDT,short,alt,5,09-26 20:03,09-26 20:06,1790420603.357,1790420801.046,0.054913611080911424,20,5,4,1.0,1196.4732000000001,239.29464000000002,0.23559999999999998,-1.1963553999999998,-0.9607553999999998,-0.004014947430498233,False,chop,18.0,0.66,0.0,09-26
XRP/USDT:USDT,long,major,10,09-22 15:44,09-22 19:01,1790059484.269,1790071313.815,3.2859850000010598,15,42,18,0.48333333333333334,5721.4079,572.14079,30.753699999998314,-4.094124515000001,26.659575484998314,0.04659618043488616,False,chop,18.0,0.66,0.0,09-22
XRP/USDT:USDT,long,major,10,09-23 11:46,09-23 14:01,1790131592.099,1790139718.603,2.257362222207917,11,1,4,0.8,3452.4456,345.24456,75.0908,-2.45425732,72.63654268,0.21039156324432748,False,chop,18.0,0.66,0.0,09-23
XRP/USDT:USDT,long,major,10,09-26 20:03,09-26 20:04,1790420622.13,1790420683.436,0.017029444442854987,20,1,1,1.0,639.9435000000001,63.99435000000001,-0.0826,-0.6399022,-0.7225022,-0.011290093578573732,False,chop,18.0,0.66,0.0,09-26
SNDK/USDT:USDT,long,alt,5,09-26 10:50,09-26 12:48,1790387455.308,1790394495.999,1.9557474999957614,10,1,1,1.0,538.384,107.6768,-0.0304,-0.5383688,-0.5687688,-0.00528218520609825,False,chop,18.0,0.66,0.0,09-26
MU/USDT:USDT,long,alt,5,09-26 10:50,09-26 12:48,1790387455.308,1790394495.998,1.9557472221718895,10,7,3,1.0,1654.8683999999998,330.97367999999994,-1.2138000000000002,-1.6542615,-2.8680615000000005,-0.008665527421999239,False,chop,18.0,0.66,0.0,09-26
DOGE/USDT:USDT,long,meme,5,09-26 10:50,09-26 12:48,1790387455.308,1790394495.998,1.9557472221718895,10,3,3,1.0,1293.1245000000001,258.6249,-14.094000000000001,-1.2860775,-15.3800775,-0.05946866485013624,False,chop,18.0,0.66,0.0,09-26
BTC/USDT:USDT,long,major,10,09-22 14:43,09-22 18:00,1790055819.709,1790067621.003,3.2781372221973206,14,2,5,0.8571428571428571,6711.53734,671.153734,30.789530000000003,-4.9968916734999995,25.792638326500004,0.038430298484341,False,chop,18.0,0.66,0.0,09-22
BTC/USDT:USDT,long,major,10,09-22 20:27,09-23 10:35,1790076450.906,1790127334.594,14.134357777833939,20,3,2,0.6,6265.94346,626.5943460000001,15.553740000000001,-5.1862731156,10.367466884400002,0.016545739601040065,False,chop,18.0,0.66,0.0,09-23
BTC/USDT:USDT,long,major,10,09-26 06:30,09-26 07:31,1790371843.934,1790375464.439,1.005695833298895,6,5,5,1.0,1055.19456,105.51945599999999,0.24975,-1.055319435,-0.8055694349999999,-0.007634321342596762,False,chop,18.0,0.66,0.0,09-26
BTC/USDT:USDT,long,major,10,09-26 07:32,09-26 09:00,1790375527.867,1790380812.311,1.4679011111127005,7,1,5,1.0,520.4218,52.042179999999995,0.46545000000000003,-0.520654525,-0.05520452499999995,-0.0010607650371294967,False,chop,18.0,0.66,0.0,09-26
BTC/USDT:USDT,long,major,10,09-26 10:50,09-26 12:48,1790387455.308,1790394495.997,1.9557469444142448,10,2,2,1.0,3385.25239,338.525239,-3.4416200000000003,-3.38353158,-6.82515158,-0.020161426073167916,False,chop,18.0,0.66,0.0,09-26
APT/USDT:USDT,long,alt,5,09-26 07:30,09-26 07:36,1790375447.797,1790375777.82,0.09167305555608538,7,25,39,1.0,3153.3711999999996,630.6742399999999,9.612199999998047,-3.1581773000000006,6.454022699998047,0.010233528326760338,False,chop,18.0,0.66,0.0,09-26
LINK/USDT:USDT,long,major,10,09-22 22:28,09-22 23:30,1790083706.189,1790087449.674,1.0398569444815318,22,3,8,0.7272727272727273,2142.0954,214.20954,-1.3844,-1.3060552140000001,-2.690455214,-0.01255992246657175,False,chop,18.0,0.66,0.0,09-22
LINK/USDT:USDT,long,major,10,09-26 06:30,09-26 07:00,1790371855.126,1790373607.197,0.4866863889164395,6,15,28,1.0,3175.4621999999995,317.54621999999995,-20.838700000000067,-3.1650428500000007,-24.003742850000066,-0.07559133549125563,False,chop,18.0,0.66,0.0,09-26
ONDO/USDT:USDT,long,alt,5,09-26 06:08,09-26 06:30,1790370533.466,1790371848.79,0.365367777744929,6,15,7,1.0,2907.2010000000005,581.4402000000001,-3.99200000000111,-2.905204999999999,-6.89720500000111,-0.01186227749646672,False,chop,18.0,0.66,0.0,09-26
SUI/USDT:USDT,long,alt,5,09-26 06:08,09-26 06:30,1790370519.028,1790371846.268,0.3686777777141995,6,1,1,0.5,1375.074,275.01480000000004,-1.5405,-0.96178155,-2.50228155,-0.009098715960013787,False,chop,18.0,0.66,0.0,09-26
MET/USDT:USDT,short,alt,5,09-24 09:46,09-24 10:23,1790210779.661,1790213027.758,0.6244713888565699,9,12,4,1.0,1541.1277,308.22554,-1.4541999999987987,-1.5418548,-2.9960547999987988,-0.009720332714799685,False,chop,18.0,0.66,0.0,09-24
MET/USDT:USDT,short,alt,5,09-24 18:01,09-24 19:16,1790240466.435,1790244985.748,1.2553647222121556,18,15,24,1.0,1566.9959000000001,313.39918,54.86520000000037,-1.5395633000000002,53.32563670000037,0.1701524448787657,False,chop,18.0,0.66,0.0,09-24
DOT/USDT:USDT,short,major,5,09-24 10:52,09-24 11:43,1790214726.674,1790217796.761,0.8528019444147745,10,2,46,0.9583333333333334,2635.2051,527.04102,-40.479499999999994,-1.8648833200000003,-42.34438331999999,-0.08034361978124585,False,chop,18.0,0.66,0.0,09-24
WLD/USDT:USDT,short,alt,5,09-24 10:52,09-24 11:15,1790214733.359,1790216104.721,0.38093388888570995,10,9,25,0.7352941176470589,1563.7424,312.74848000000003,2.7295999999999996,-1.0932548800000004,1.6363451199999992,0.005232144117854703,False,chop,18.0,0.66,0.0,09-24
WLD/USDT:USDT,short,alt,5,09-24 11:15,09-24 11:30,1790216130.707,1790217057.749,0.2575116666820314,11,9,5,0.35714285714285715,2041.8111999999999,408.36224,-14.1232,-1.4363294400000002,-15.55952944,-0.03810227272727273,False,chop,18.0,0.66,0.0,09-24
PUMP/USDT:USDT,short,meme,5,09-24 09:46,09-24 11:21,1790210777.764,1790216505.523,1.5910441666841506,9,3,18,0.8571428571428571,3626.436,725.2872,6.75,-2.5351302,4.214869800000001,0.005811311436352387,False,chop,18.0,0.66,0.0,09-24
JTO/USDT:USDT,short,alt,5,09-24 08:45,09-24 11:20,1790207100.332,1790216431.36,2.591952222188314,8,27,35,1.0,3050.6903,610.13806,-49.085799999995956,-3.0752331999999987,-52.161033199995956,-0.08549054159970934,False,chop,18.0,0.66,0.0,09-24
ADA/USDT:USDT,long,major,10,09-22 23:32,09-23 00:37,1790087523.55,1790091473.774,1.0972844444380867,23,3,3,0.5,2958.444,295.8444,41.685,-1.8234090899999997,39.861590910000004,0.1347383655394525,False,chop,18.0,0.66,0.0,09-23
ADA/USDT:USDT,long,major,10,09-23 09:45,09-23 13:01,1790124340.748,1790136096.489,3.2654836111598544,9,7,10,0.8235294117647058,4563.801,456.3801,50.10899999999896,-3.8419764,46.26702359999896,0.10137826693144367,False,chop,18.0,0.66,0.0,09-23
ADA/USDT:USDT,long,major,10,09-24 09:46,09-24 11:00,1790210766.299,1790215254.054,1.246598611076673,9,2,14,0.875,1070.1000000000001,107.01000000000002,-2.4,-0.7478700000000003,-3.14787,-0.029416596579758897,False,chop,18.0,0.66,0.0,09-24
UNI/USDT:USDT,long,alt,5,09-22 20:27,09-22 22:03,1790076450.899,1790082199.623,1.59686777777142,20,20,3,0.9565217391304348,3870.152999999999,774.0305999999998,157.59799999999976,-2.9516502399999998,154.64634975999977,0.19979358666181907,False,chop,18.0,0.66,0.0,09-22
UNI/USDT:USDT,long,alt,5,09-23 08:45,09-23 09:05,1790120700.259,1790121944.721,0.345683888859219,8,1,1,0.5,30.459000000000003,6.091800000000001,0.453,-0.0215478,0.4314522,0.07082507633211857,False,chop,18.0,0.66,0.0,09-23
UNI/USDT:USDT,long,alt,5,09-23 17:51,09-23 18:04,1790153507.646,1790154289.016,0.21704722225666045,17,13,13,0.7307692307692307,3362.5349999999994,672.5069999999998,3.7949999999999013,-2.8405377,0.9544622999999013,0.0014192600225721094,False,chop,18.0,0.66,0.0,09-23
TRX/USDT:USDT,long,major,10,09-22 21:27,09-22 23:00,1790080068.931,1790085644.485,1.5487649999724493,21,1,26,0.9629629629629629,2136.0552,213.60551999999998,-12.5356,-1.2973526520000003,-13.832952652000001,-0.06475934073239308,False,chop,18.0,0.66,0.0,09-22
TRX/USDT:USDT,long,major,10,09-23 10:46,09-23 17:06,1790128005.323,1790150781.766,6.326789722243944,10,1,16,0.9411764705882353,1521.4392,152.14392,-0.27780000000000005,-1.0648685399999998,-1.3426685399999998,-0.008824989785986845,False,chop,18.0,0.66,0.0,09-23
ZHIPU/USDT:USDT,short,alt,5,09-23 11:46,09-23 13:34,1790131595.991,1790138040.827,1.7902322222126854,11,19,52,0.9014084507042254,8686.4251,1737.28502,120.04300000000005,-7.221775399999999,112.82122460000005,0.06494111403781058,False,chop,18.0,0.66,0.0,09-23
BCH/USDT:USDT,long,alt,5,09-23 08:45,09-23 10:10,1790120726.656,1790125819.469,1.4146702778339386,8,1,19,0.95,2191.1040000000003,438.22080000000005,-41.464000000000006,-1.5130408000000002,-42.977040800000005,-0.09807165885325388,False,chop,18.0,0.66,0.0,09-23
ASTER/USDT:USDT,short,alt,5,09-22 22:28,09-23 00:06,1790083711.309,1790089589.522,1.6328369444608688,22,2,49,0.9607843137254902,5968.5696,1193.71392,5.418099999999999,-3.638389310999999,1.7797106889999998,0.0014909021828278589,False,chop,18.0,0.66,0.0,09-23
APT/USDT:USDT,short,alt,5,09-22 14:48,09-22 17:12,1790056116.515,1790064767.031,2.4029211110538906,14,3,28,0.9032258064516129,1647.3792,329.47584,-29.004500000000004,-1.0179533369999996,-30.022453337,-0.09112186598264686,False,chop,18.0,0.66,0.0,09-22
FLOCK/USDT:USDT,long,alt,5,09-22 12:46,09-22 16:02,1790048800.431,1790060549.224,3.263553611106343,12,22,25,0.9361702127659575,4063.984,812.7968,98.36099999995785,-3.06391185,95.29708814995786,0.11724589485337278,False,chop,18.0,0.66,0.0,09-22
CNPY/USDT:USDT,long,alt,5,09-22 11:46,09-22 12:09,1790045163.231,1790046578.373,0.3930949999888738,11,2,7,0.7777777777777778,1074.58,214.916,-16.226,-0.6481921,-16.8741921,-0.0785152901598764,False,chop,18.0,0.66,0.0,09-22
AKE/USDT:USDT,long,alt,5,09-22 09:49,09-22 10:18,1790038175.742,1790039925.97,0.4861744444237815,9,2,4,0.6666666666666666,829.8349999999999,165.96699999999998,-1.552,-0.50550095,-2.05750095,-0.012397048509643484,False,chop,18.0,0.66,0.0,09-22
DGAI/USDT:USDT,long,alt,5,09-22 09:49,09-22 10:01,1790038188.29,1790038890.685,0.19510972221692402,9,1,41,0.9761904761904762,1199.632,239.9264,-4.374,-0.7298072200000001,-5.10380722,-0.02127238694866426,False,chop,18.0,0.66,0.0,09-22
